Iteration	model_type	hyperparameters	percentile	min_threshold	baseline_score	baseline_score_of_current_percentile	accuracy	sem	delta	random_state	num_gene_included	gene_set
0	logistic	{'penalty': 'l1', 'C': 1.0}	0.0	0.0	0.8714285714285714	0.8714285714285714	0.9750000000000001	0.014402276306810657	0.10357142857142865	0	8	['EG11193', 'EG11806', 'EG10118', 'G6825', 'G6970', 'EG11175', 'G6942', 'EG12016']
1	logistic	{'penalty': 'l1', 'C': 1.0}	0.0	0.9	0.8714285714285714	0.8714285714285714	0.9750000000000001	0.014402276306810657	0.10357142857142865	0	8	['EG11193', 'EG11806', 'EG10118', 'G6825', 'G6970', 'EG11175', 'G6942', 'EG12016']
2	logistic	{'penalty': 'l1', 'C': 1.0}	0.0		0.8714285714285714	0.8714285714285714	0.9750000000000001	0.014402276306810657	0.10357142857142865	0	8	['EG11193', 'EG11806', 'EG10118', 'G6825', 'G6970', 'EG11175', 'G6942', 'EG12016']
3	logistic	{'penalty': 'l1', 'C': 1.0}	0.1	0.0	0.8714285714285714	0.8641534391534391	0.9750000000000001	0.014402276306810657	0.10357142857142865	0	10	['EG11193', 'EG11806', 'EG10118', 'G6825', 'G6970', 'EG11175', 'G6942', 'G6118', 'EG12016', 'EG11176']
4	logistic	{'penalty': 'l1', 'C': 1.0}	0.1	0.9	0.8714285714285714	0.8641534391534391	0.9750000000000001	0.014402276306810657	0.10357142857142865	0	10	['EG11193', 'EG11806', 'EG10118', 'G6825', 'G6970', 'EG11175', 'G6942', 'G6118', 'EG12016', 'EG11176']
5	logistic	{'penalty': 'l1', 'C': 1.0}	0.1		0.8714285714285714	0.8641534391534391	0.9750000000000001	0.014402276306810657	0.10357142857142865	0	10	['EG11193', 'EG11806', 'EG10118', 'G6825', 'G6970', 'EG11175', 'G6942', 'G6118', 'EG12016', 'EG11176']
6	logistic	{'penalty': 'l1', 'C': 1.0}	0.2	0.0	0.8714285714285714	0.8714285714285714	0.9750000000000001	0.014402276306810657	0.10357142857142865	0	10	['EG11193', 'EG11806', 'EG10118', 'G6825', 'G6970', 'EG11175', 'EG11176', 'G6942', 'G6118', 'EG12016']
7	logistic	{'penalty': 'l1', 'C': 1.0}	0.2	0.9	0.8714285714285714	0.8714285714285714	0.9750000000000001	0.014402276306810657	0.10357142857142865	0	10	['EG11193', 'EG11806', 'EG10118', 'G6825', 'G6970', 'EG11175', 'EG11176', 'G6942', 'G6118', 'EG12016']
8	logistic	{'penalty': 'l1', 'C': 1.0}	0.2		0.8714285714285714	0.8714285714285714	0.9750000000000001	0.014402276306810657	0.10357142857142865	0	10	['EG11193', 'EG11806', 'EG10118', 'G6825', 'G6970', 'EG11175', 'EG11176', 'G6942', 'G6118', 'EG12016']
9	logistic	{'penalty': 'l1', 'C': 1.0}	0.3	0.0	0.8714285714285714	0.8604497354497354	0.9750000000000001	0.014402276306810657	0.10357142857142865	0	8	['EG11193', 'EG11806', 'EG10118', 'G6825', 'G6970', 'EG11175', 'G6942', 'EG12016']
10	logistic	{'penalty': 'l1', 'C': 1.0}	0.3	0.9	0.8714285714285714	0.8604497354497354	0.9750000000000001	0.014402276306810657	0.10357142857142865	0	8	['EG11193', 'EG11806', 'EG10118', 'G6825', 'EG11175', 'G6970', 'G6942', 'EG12016']
11	logistic	{'penalty': 'l1', 'C': 1.0}	0.3		0.8714285714285714	0.8604497354497354	0.9750000000000001	0.014402276306810657	0.10357142857142865	0	8	['EG11193', 'EG11806', 'EG10118', 'G6825', 'G6970', 'EG11175', 'G6942', 'EG12016']
12	logistic	{'penalty': 'l2', 'C': 1.0}	0.4	0.0	0.8714285714285714	0.8346560846560847	0.974074074074074	0.019536301341866874	0.10264550264550254	0	41	['EG11193', 'EG11806', 'EG10118', 'G6825', 'G6970', 'EG11175', 'G6942', 'EG12016', 'G6118', 'EG11176', 'EG11734', 'EG11188', 'EG11462', 'EG12061', 'G6603', 'G6117', 'EG10831', 'EG11492', 'EG10337', 'EG10119', 'EG10121', 'EG10883', 'G6712', 'EG12318', 'G812', 'EG11353', 'G6115', 'G7490', 'EG10117', 'EG11378', 'EG10278', 'EG10120', 'EG11892', 'EG11891', 'EG10336', 'EG10747', 'G7289', 'EG10660', 'G7467', 'G6631', 'G6937']
13	logistic	{'penalty': 'l2', 'C': 1.0}	0.4	0.9	0.8714285714285714	0.8346560846560847	0.974074074074074	0.019536301341866874	0.10264550264550254	0	41	['EG11193', 'EG11806', 'EG10118', 'G6825', 'G6970', 'EG11175', 'G6942', 'EG12016', 'G6118', 'EG11176', 'EG11734', 'EG11188', 'EG11462', 'EG12061', 'G6603', 'G6117', 'EG10831', 'EG11492', 'EG10337', 'EG10119', 'EG10121', 'EG10883', 'G6712', 'EG12318', 'G812', 'EG11353', 'G6115', 'G7490', 'EG10117', 'EG11378', 'EG10278', 'EG10120', 'EG11892', 'EG11891', 'EG10336', 'EG10747', 'G7289', 'EG10660', 'G7467', 'G6631', 'G6937']
14	logistic	{'penalty': 'l2', 'C': 1.0}	0.4		0.8714285714285714	0.8346560846560847	0.974074074074074	0.019536301341866874	0.10264550264550254	0	41	['EG11193', 'EG11806', 'EG10118', 'G6825', 'G6970', 'EG11175', 'G6942', 'EG12016', 'G6118', 'EG11176', 'EG11734', 'EG11188', 'EG11462', 'EG12061', 'G6603', 'G6117', 'EG10831', 'EG11492', 'EG10337', 'EG10119', 'EG10121', 'EG10883', 'G6712', 'EG12318', 'G812', 'EG11353', 'G6115', 'G7490', 'EG10117', 'EG11378', 'EG10278', 'EG10120', 'EG11892', 'EG11891', 'EG10336', 'EG10747', 'G7289', 'EG10660', 'G7467', 'G6631', 'G6937']
15	logistic	{'penalty': 'l2', 'C': 1.0}	0.5	0.0	0.8714285714285714	0.8604497354497354	0.974074074074074	0.019536301341866874	0.10264550264550254	0	41	['EG11193', 'EG11806', 'EG10118', 'G6825', 'G6970', 'EG11175', 'EG12016', 'G6942', 'G6118', 'EG11176', 'EG11734', 'EG11188', 'EG11462', 'EG12061', 'G6603', 'G6117', 'EG10831', 'EG11492', 'EG10337', 'EG10119', 'EG10121', 'EG10883', 'G6712', 'EG12318', 'G812', 'EG11353', 'G6115', 'G7490', 'EG10117', 'EG11378', 'EG10278', 'EG10120', 'EG11892', 'EG11891', 'EG10336', 'EG10747', 'G7289', 'G7467', 'EG10660', 'G6937', 'G6631']
16	logistic	{'penalty': 'l2', 'C': 1.0}	0.5	0.9	0.8714285714285714	0.8604497354497354	0.974074074074074	0.019536301341866874	0.10264550264550254	0	41	['EG11193', 'EG11806', 'EG10118', 'G6825', 'EG11175', 'G6970', 'G6942', 'EG12016', 'G6118', 'EG11176', 'EG11734', 'EG11188', 'EG11462', 'EG12061', 'G6603', 'G6117', 'EG10831', 'EG11492', 'EG10337', 'EG10121', 'EG10119', 'EG10883', 'G6712', 'EG12318', 'G812', 'EG11353', 'G6115', 'G7490', 'EG10117', 'EG11378', 'EG10120', 'EG10278', 'EG11892', 'EG11891', 'EG10336', 'EG10747', 'G7289', 'G7467', 'EG10660', 'G6937', 'G6631']
17	logistic	{'penalty': 'l2', 'C': 1.0}	0.5		0.8714285714285714	0.8604497354497354	0.974074074074074	0.019536301341866874	0.10264550264550254	0	41	['EG11193', 'EG11806', 'EG10118', 'G6825', 'G6970', 'EG11175', 'EG12016', 'G6942', 'G6118', 'EG11176', 'EG11734', 'EG11188', 'EG11462', 'EG12061', 'G6603', 'G6117', 'EG10831', 'EG11492', 'EG10337', 'EG10119', 'EG10121', 'EG10883', 'G6712', 'EG12318', 'G812', 'EG11353', 'G6115', 'G7490', 'EG10117', 'EG11378', 'EG10278', 'EG10120', 'EG11892', 'EG11891', 'EG10336', 'EG10747', 'G7289', 'G7467', 'EG10660', 'G6937', 'G6631']
18	logistic	{'C': 1.0, 'penalty': 'l2'}	0.6	0.0	0.8714285714285714	0.9022486772486773	0.9648148148148148	0.028324325393929893	0.09338624338624335	0	42	['EG11193', 'EG11806', 'EG10118', 'G6825', 'G6970', 'EG11175', 'G6942', 'EG12016', 'G6118', 'EG11176', 'EG11734', 'EG11188', 'EG11462', 'EG12061', 'G6603', 'G6117', 'EG10831', 'EG11492', 'EG10337', 'EG10121', 'EG10119', 'EG10883', 'G6712', 'EG12318', 'G812', 'EG11353', 'G6115', 'G7490', 'EG10117', 'EG11378', 'EG10278', 'EG11892', 'EG11891', 'EG10120', 'EG10336', 'EG10747', 'G7289', 'G7467', 'EG10660', 'G6937', 'G6601', 'G6631']
19	logistic	{'C': 1.0, 'penalty': 'l2'}	0.6	0.9	0.8714285714285714	0.9022486772486773	0.9690355940355941	0.019125801805696667	0.0976070226070227	0	5	['EG11193', 'EG11806', 'EG10118', 'G6825', 'EG11175']
20	logistic	{'C': 1.0, 'penalty': 'l2'}	0.6		0.8714285714285714	0.9022486772486773	0.9648148148148148	0.028324325393929893	0.09338624338624335	0	42	['EG11193', 'EG11806', 'EG10118', 'G6825', 'G6970', 'EG11175', 'G6942', 'EG12016', 'G6118', 'EG11176', 'EG11734', 'EG11188', 'EG11462', 'EG12061', 'G6603', 'G6117', 'EG10831', 'EG11492', 'EG10337', 'EG10121', 'EG10119', 'EG10883', 'G6712', 'EG12318', 'G812', 'EG11353', 'G6115', 'G7490', 'EG10117', 'EG11378', 'EG10278', 'EG11892', 'EG11891', 'EG10120', 'EG10336', 'EG10747', 'G7289', 'G7467', 'EG10660', 'G6937', 'G6601', 'G6631']
21	logistic	{'C': 1.0, 'penalty': 'l2'}	0.7	0.0	0.8714285714285714	0.9195767195767195	0.9629629629629629	0.037037037037037035	0.09153439153439147	0	84	['EG11193', 'EG11806', 'EG10118', 'G6825', 'G6970', 'EG11175', 'G6942', 'EG12016', 'G6118', 'EG11176', 'EG11734', 'EG11188', 'EG11462', 'EG12061', 'G6603', 'G6117', 'EG10831', 'EG11492', 'EG10337', 'EG10121', 'EG10119', 'EG10883', 'G6712', 'EG12318', 'G812', 'G6115', 'EG11353', 'EG10117', 'G7490', 'EG11378', 'EG11891', 'EG11892', 'EG10278', 'EG10336', 'EG10120', 'EG10747', 'G7289', 'G7467', 'G6937', 'G6601', 'EG10660', 'G6941', 'G6116', 'G6631', 'EG11491', 'EG12076', 'EG10533', 'EG10841', 'RUVA', 'EG12009', 'G7545', 'EG11472', 'EG10882', 'G6943', 'G6780', 'G6933', 'EG11061', 'G8210', 'EG11357', 'G6180', 'G7083', 'EG11062', 'EG10655', 'G7015', 'G7417', 'G7228', 'G379', 'G7229', 'EG11766', 'EG11064', 'G6448', 'EG10481', 'RUVB', 'G7685', 'EG11753', 'EG12205', 'EG10065', 'G7797', 'G6940', 'G7506', 'EG11228', 'G0-16640', 'EG12075', 'EG11398']
22	logistic	{'C': 1.0, 'penalty': 'l2'}	0.7	0.9	0.8714285714285714	0.9195767195767195	0.9690355940355941	0.019125801805696667	0.0976070226070227	0	5	['EG11193', 'EG11806', 'EG10118', 'G6825', 'EG11175']
23	logistic	{'C': 1.0, 'penalty': 'l2'}	0.7		0.8714285714285714	0.9195767195767195	0.9690355940355941	0.019125801805696667	0.0976070226070227	0	5	['EG11193', 'EG11806', 'EG10118', 'G6825', 'EG11175']
24	logistic	{'penalty': 'l2', 'C': 1.0}	0.8	0.0	0.8714285714285714	0.9296296296296297	0.9690355940355941	0.019125801805696667	0.0976070226070227	0	5	['EG11193', 'EG11806', 'EG10118', 'G6825', 'EG11175']
25	logistic	{'penalty': 'l2', 'C': 1.0}	0.8	0.9	0.8714285714285714	0.9296296296296297	0.9690355940355941	0.019125801805696667	0.0976070226070227	0	5	['EG11193', 'EG11806', 'EG10118', 'G6825', 'EG11175']
26	logistic	{'penalty': 'l2', 'C': 1.0}	0.8		0.8714285714285714	0.9296296296296297	0.9690355940355941	0.019125801805696667	0.0976070226070227	0	5	['EG11193', 'EG11806', 'EG10118', 'G6825', 'EG11175']
27	logistic	{'C': 0.94736842105789465, 'penalty': 'l2'}	0.9	0.0	0.8714285714285714	0.9537037037037037	0.9722222222222222	0.02777777777777778	0.10079365079365077	0	72	['EG11193', 'EG11806', 'EG10118', 'G6825', 'EG11175', 'G6970', 'EG12016', 'EG11176', 'EG11734', 'G6942', 'G6118', 'EG11462', 'EG11188', 'EG12061', 'EG11492', 'EG10831', 'G6603', 'G6117', 'EG10883', 'EG10337', 'EG10121', 'EG10119', 'EG12318', 'G812', 'G6115', 'G6712', 'G7490', 'EG10278', 'EG11378', 'EG10747', 'EG11891', 'EG11892', 'EG11353', 'EG10336', 'EG10117', 'EG10660', 'G6937', 'G6941', 'G7467', 'G7289', 'G7545', 'EG11472', 'G6601', 'EG10120', 'EG11491', 'G6116', 'G6631', 'G6780', 'EG10533', 'G6943', 'EG10882', 'RUVA', 'EG12009', 'G7083', 'EG11357', 'EG10841', 'EG12076', 'G6933', 'G7015', 'EG11061', 'EG10065', 'G7417', 'G379', 'G7506', 'EG10655', 'EG11062', 'EG11064', 'G6940', 'EG11253', 'EG10661', 'EG11766', 'G8210']
28	logistic	{'C': 0.94736842105789465, 'penalty': 'l2'}	0.9	0.9	0.8714285714285714	0.9537037037037037	0.9722222222222222	0.02777777777777778	0.10079365079365077	0	73	['EG11193', 'EG11806', 'EG10118', 'G6825', 'EG11175', 'G6970', 'EG12016', 'EG11176', 'EG11734', 'G6942', 'G6118', 'EG11462', 'EG11188', 'EG12061', 'EG11492', 'EG10831', 'G6117', 'G6603', 'EG10883', 'EG10337', 'EG10121', 'EG10119', 'EG12318', 'G812', 'G6115', 'G6712', 'G7490', 'EG10278', 'EG11378', 'EG10747', 'EG11891', 'EG11892', 'EG11353', 'EG10336', 'EG10117', 'EG10660', 'G6937', 'G6941', 'G7467', 'G7289', 'G7545', 'EG11472', 'G6601', 'EG10120', 'EG11491', 'G6116', 'G6631', 'G6780', 'EG10533', 'G6943', 'RUVA', 'EG12009', 'EG10882', 'G7083', 'EG11357', 'EG10841', 'EG12076', 'G6933', 'G7015', 'EG11061', 'EG10065', 'G7417', 'G379', 'G7506', 'EG10655', 'EG11062', 'EG11064', 'G6940', 'EG11253', 'EG10661', 'EG11766', 'G8210', 'EG10817']
29	logistic	{'C': 0.94736842105789465, 'penalty': 'l2'}	0.9		0.8714285714285714	0.9537037037037037	0.9722222222222222	0.02777777777777778	0.10079365079365077	0	72	['EG11193', 'EG11806', 'EG10118', 'G6825', 'EG11175', 'G6970', 'EG12016', 'EG11176', 'EG11734', 'G6942', 'G6118', 'EG11462', 'EG11188', 'EG12061', 'EG11492', 'EG10831', 'G6603', 'G6117', 'EG10883', 'EG10337', 'EG10121', 'EG10119', 'EG12318', 'G812', 'G6115', 'G6712', 'G7490', 'EG10278', 'EG11378', 'EG10747', 'EG11891', 'EG11892', 'EG11353', 'EG10336', 'EG10117', 'EG10660', 'G6937', 'G6941', 'G7467', 'G7289', 'G7545', 'EG11472', 'G6601', 'EG10120', 'EG11491', 'G6116', 'G6631', 'G6780', 'EG10533', 'G6943', 'EG10882', 'RUVA', 'EG12009', 'G7083', 'EG11357', 'EG10841', 'EG12076', 'G6933', 'G7015', 'EG11061', 'EG10065', 'G7417', 'G379', 'G7506', 'EG10655', 'EG11062', 'EG11064', 'G6940', 'EG11253', 'EG10661', 'EG11766', 'G8210']
30	logistic	{'penalty': 'l2', 'C': 1.0}	0.91	0.0	0.8714285714285714	0.9907407407407409	0.9690355940355941	0.019125801805696667	0.0976070226070227	0	5	['EG11193', 'EG11806', 'EG10118', 'G6825', 'EG11175']
31	logistic	{'penalty': 'l2', 'C': 1.0}	0.91	0.9	0.8714285714285714	0.9907407407407409	0.9690355940355941	0.019125801805696667	0.0976070226070227	0	5	['EG11193', 'EG11806', 'EG10118', 'G6825', 'EG11175']
32	logistic	{'penalty': 'l2', 'C': 1.0}	0.91		0.8714285714285714	0.9907407407407409	0.9690355940355941	0.019125801805696667	0.0976070226070227	0	5	['EG11193', 'EG11806', 'EG10118', 'G6825', 'EG11175']
33	logistic	{'penalty': 'l2', 'C': 1.0}	0.92	0.0	0.8714285714285714	1.0	0.9722222222222222	0.02777777777777778	0.10079365079365077	0	67	['EG11193', 'EG11806', 'EG10118', 'G6825', 'EG11175', 'G6970', 'EG12016', 'EG11734', 'G6942', 'G6118', 'EG11176', 'EG11462', 'EG12061', 'EG10831', 'EG11188', 'EG11492', 'G6603', 'G6117', 'EG10121', 'EG10883', 'EG10337', 'EG10119', 'G6115', 'EG12318', 'G6712', 'G812', 'EG11891', 'EG11892', 'EG11353', 'EG10747', 'EG10117', 'G7490', 'EG11378', 'EG10336', 'EG10278', 'EG10660', 'G7467', 'G6941', 'G6937', 'G6601', 'EG11472', 'G7289', 'G6631', 'EG10120', 'EG12009', 'G6943', 'G7545', 'EG11491', 'G6116', 'G7083', 'RUVA', 'EG12076', 'EG10882', 'G7417', 'EG10065', 'G6933', 'EG11357', 'G379', 'EG10533', 'G6780', 'EG10841', 'G7015', 'EG10655', 'EG11061', 'G7506', 'EG11062', 'EG11753']
34	logistic	{'penalty': 'l2', 'C': 1.0}	0.92	0.9	0.8714285714285714	1.0	0.9722222222222222	0.02777777777777778	0.10079365079365077	0	73	['EG11193', 'EG11806', 'EG10118', 'G6825', 'EG11175', 'G6970', 'EG12016', 'EG11734', 'G6942', 'G6118', 'EG11176', 'EG11462', 'EG12061', 'EG10831', 'EG11188', 'EG11492', 'G6117', 'G6603', 'EG10121', 'EG10883', 'EG10337', 'EG10119', 'G6115', 'EG12318', 'G6712', 'G812', 'EG11891', 'EG11892', 'EG11353', 'EG10747', 'EG10117', 'EG11378', 'EG10336', 'G7490', 'EG10278', 'EG10660', 'G7467', 'G6941', 'G6937', 'G6601', 'EG11472', 'G7289', 'G6631', 'EG10120', 'EG12009', 'G6943', 'EG11491', 'G7545', 'G6116', 'G7083', 'RUVA', 'EG12076', 'G7417', 'EG10065', 'G6933', 'EG10882', 'EG11357', 'G379', 'EG10533', 'G6780', 'EG10841', 'G7015', 'EG10655', 'EG11061', 'G7506', 'EG11062', 'EG11753', 'EG11820', 'G6907', 'EG10661', 'EG11398', 'EG11064', 'G7685']
35	logistic	{'penalty': 'l2', 'C': 1.0}	0.92		0.8714285714285714	1.0	0.9722222222222222	0.02777777777777778	0.10079365079365077	0	67	['EG11193', 'EG11806', 'EG10118', 'G6825', 'EG11175', 'G6970', 'EG12016', 'EG11734', 'G6942', 'G6118', 'EG11176', 'EG11462', 'EG12061', 'EG10831', 'EG11188', 'EG11492', 'G6603', 'G6117', 'EG10121', 'EG10883', 'EG10337', 'EG10119', 'G6115', 'EG12318', 'G6712', 'G812', 'EG11891', 'EG11892', 'EG11353', 'EG10747', 'EG10117', 'G7490', 'EG11378', 'EG10336', 'EG10278', 'EG10660', 'G7467', 'G6941', 'G6937', 'G6601', 'EG11472', 'G7289', 'G6631', 'EG10120', 'EG12009', 'G6943', 'G7545', 'EG11491', 'G6116', 'G7083', 'RUVA', 'EG12076', 'EG10882', 'G7417', 'EG10065', 'G6933', 'EG11357', 'G379', 'EG10533', 'G6780', 'EG10841', 'G7015', 'EG10655', 'EG11061', 'G7506', 'EG11062', 'EG11753']
36	logistic	{'C': 1.0, 'penalty': 'l2'}	0.93	0.0	0.8714285714285714	1.0	0.9690355940355941	0.019125801805696667	0.0976070226070227	0	5	['EG11193', 'EG11806', 'EG10118', 'G6825', 'EG11175']
37	logistic	{'C': 1.0, 'penalty': 'l2'}	0.93	0.9	0.8714285714285714	1.0	0.9690355940355941	0.019125801805696667	0.0976070226070227	0	5	['EG11193', 'EG11806', 'EG10118', 'G6825', 'EG11175']
38	logistic	{'C': 1.0, 'penalty': 'l2'}	0.93		0.8714285714285714	1.0	0.9690355940355941	0.019125801805696667	0.0976070226070227	0	5	['EG11193', 'EG11806', 'EG10118', 'G6825', 'EG11175']
39	logistic	{'C': 1.0, 'penalty': 'l2'}	0.94	0.0	0.8714285714285714	0.9907407407407409	1.0	0.0	0.12857142857142856	0	160	['EG11193', 'EG11806', 'EG10118', 'G6825', 'EG11175', 'G6970', 'EG12016', 'EG11734', 'G6118', 'G6942', 'EG11176', 'EG11462', 'EG12061', 'EG10831', 'EG11188', 'EG11492', 'G6117', 'G6603', 'EG10883', 'EG10121', 'EG10337', 'G6115', 'EG10119', 'EG12318', 'G6712', 'G812', 'EG11891', 'G7490', 'EG11353', 'EG10747', 'EG10278', 'EG11892', 'EG10336', 'G6631', 'EG11378', 'G7467', 'EG10660', 'EG10117', 'G6937', 'G6941', 'G7289', 'EG12009', 'EG11472', 'G6601', 'G7545', 'EG10841', 'EG11491', 'RUVA', 'G6933', 'G6116', 'EG12076', 'EG10065', 'G7083', 'G6943', 'EG10882', 'G379', 'G7015', 'EG11357', 'EG10120', 'EG10655', 'EG11061', 'G6780', 'G7685', 'EG12205', 'EG11062', 'G7417', 'EG10533', 'G7506', 'G8210', 'EG10661', 'G0-10472', 'EG11753', 'G6940', 'G7228', 'G0-16640', 'EG11398', 'EG10352', 'EG10105', 'G6380', 'EG11812', 'EG11253', 'G7880', 'G7649', 'EG11064', 'EG10817', 'EG10098', 'EG12075', 'G7505', 'EG10307', 'G6180', 'EG12030', 'RUVB', 'EG12720', 'G7004', 'G6856', 'G6097', 'G6907', 'G6990', 'EG10104', 'G6945', 'G6339', 'G7229', 'EG11766', 'EG11399', 'G7622', 'EG11719', 'EG11820', 'EG11228', 'EG10103', 'G6135', 'G6219', 'G6448', 'EG11235', 'G6585', 'G6812', 'G7693', 'G6440', 'EG10481', 'EG12240', 'G6416', 'G7588', 'G7398', 'EG10902', 'G6147', 'EG11636', 'EG11004', 'G7237', 'G7024', 'G7921', 'G7610', 'G6854', 'EG10560', 'G6633', 'EG10372', 'G7797', 'EG11083', 'G7267', 'EG10918', 'G6880', 'EG12409', 'G6781', 'G7808', 'EG10112', 'G7567', 'EG12341', 'G7637', 'G6775', 'G7016', 'EG11880', 'G7397', 'G7468', 'EG10188', 'EG12223', 'EG10540', 'G6148', 'EG10648', 'EG10504', 'G7806', 'EG11432', 'G7415']
40	logistic	{'C': 1.0, 'penalty': 'l2'}	0.94	0.9	0.8714285714285714	0.9907407407407409	0.9814814814814814	0.01851851851851852	0.11005291005290996	0	78	['EG11193', 'EG11806', 'EG10118', 'G6825', 'EG11175', 'EG12016', 'G6970', 'EG11734', 'G6118', 'G6942', 'EG11176', 'EG11462', 'EG12061', 'EG10831', 'EG11188', 'EG11492', 'G6117', 'G6603', 'EG10883', 'EG10121', 'EG10337', 'G6115', 'EG10119', 'EG12318', 'G6712', 'G812', 'EG11891', 'G7490', 'EG11353', 'EG10747', 'EG10278', 'EG11892', 'EG10336', 'G6631', 'EG11378', 'G7467', 'EG10660', 'EG10117', 'G6937', 'G6941', 'G7289', 'EG12009', 'EG11472', 'G6601', 'G7545', 'EG10841', 'EG11491', 'RUVA', 'G6933', 'G6116', 'EG12076', 'EG10065', 'G7083', 'G6943', 'G379', 'EG10882', 'G7015', 'EG11357', 'EG10120', 'EG10655', 'EG11061', 'G6780', 'G7685', 'EG12205', 'EG11062', 'G7417', 'EG10533', 'G7506', 'G8210', 'EG10661', 'G0-10472', 'EG11753', 'G7228', 'G0-16640', 'G6940', 'EG11398', 'EG10352', 'EG10105']
41	logistic	{'C': 1.0, 'penalty': 'l2'}	0.94		0.8714285714285714	0.9907407407407409	0.9814814814814814	0.01851851851851852	0.11005291005290996	0	79	['EG11193', 'EG11806', 'EG10118', 'G6825', 'EG11175', 'G6970', 'EG12016', 'EG11734', 'G6118', 'G6942', 'EG11176', 'EG11462', 'EG12061', 'EG10831', 'EG11188', 'EG11492', 'G6117', 'G6603', 'EG10883', 'EG10121', 'EG10337', 'G6115', 'EG10119', 'EG12318', 'G6712', 'G812', 'EG11891', 'G7490', 'EG11353', 'EG10747', 'EG10278', 'EG11892', 'EG10336', 'G6631', 'EG11378', 'G7467', 'EG10660', 'EG10117', 'G6937', 'G6941', 'G7289', 'EG12009', 'EG11472', 'G6601', 'G7545', 'EG10841', 'EG11491', 'RUVA', 'G6933', 'G6116', 'EG12076', 'EG10065', 'G7083', 'G6943', 'EG10882', 'G379', 'G7015', 'EG11357', 'EG10120', 'EG10655', 'EG11061', 'G6780', 'G7685', 'EG12205', 'EG11062', 'G7417', 'EG10533', 'G7506', 'G8210', 'EG10661', 'G0-10472', 'EG11753', 'G6940', 'G7228', 'G0-16640', 'EG11398', 'EG10352', 'EG10105', 'G6380']
42	logistic	{'C': 1.0, 'penalty': 'l2'}	0.95	0.0	0.8714285714285714	1.0	0.9870370370370369	0.009768150670933434	0.1156084656084655	0	44	['EG11193', 'EG11806', 'EG10118', 'G6825', 'EG11175', 'G6970', 'EG12016', 'EG11734', 'G6118', 'EG11462', 'G6942', 'EG11176', 'EG11188', 'EG10831', 'G6117', 'EG11492', 'EG12061', 'G6603', 'G6712', 'EG10883', 'EG10337', 'EG10119', 'G812', 'G6115', 'EG10121', 'EG12318', 'EG11353', 'EG11891', 'EG11378', 'G7289', 'EG11892', 'EG10747', 'G7490', 'G7467', 'EG10278', 'EG10660', 'G6631', 'EG10336', 'G6601', 'EG10117', 'G6937', 'EG12009', 'EG11472', 'G6780']
43	logistic	{'C': 1.0, 'penalty': 'l2'}	0.95	0.9	0.8714285714285714	1.0	0.9870370370370369	0.009768150670933434	0.1156084656084655	0	44	['EG11193', 'EG11806', 'EG10118', 'G6825', 'EG11175', 'EG12016', 'EG11734', 'G6970', 'G6118', 'EG11462', 'G6942', 'EG11176', 'EG11188', 'EG10831', 'G6117', 'EG11492', 'EG12061', 'G6603', 'G6712', 'EG10883', 'EG10337', 'EG10119', 'G812', 'G6115', 'EG10121', 'EG12318', 'EG11353', 'EG11891', 'EG11378', 'EG11892', 'G7289', 'EG10747', 'G7490', 'G7467', 'EG10278', 'EG10660', 'G6631', 'EG10336', 'G6601', 'EG10117', 'G6937', 'EG12009', 'EG11472', 'G6780']
44	logistic	{'C': 1.0, 'penalty': 'l2'}	0.95		0.8714285714285714	1.0	0.9870370370370369	0.009768150670933434	0.1156084656084655	0	44	['EG11193', 'EG11806', 'EG10118', 'G6825', 'EG11175', 'G6970', 'EG12016', 'EG11734', 'G6118', 'EG11462', 'G6942', 'EG11176', 'EG11188', 'EG10831', 'G6117', 'EG11492', 'EG12061', 'G6603', 'G6712', 'EG10883', 'EG10337', 'EG10119', 'G812', 'G6115', 'EG10121', 'EG12318', 'EG11353', 'EG11891', 'EG11378', 'G7289', 'EG11892', 'EG10747', 'G7490', 'G7467', 'EG10278', 'EG10660', 'G6631', 'EG10336', 'G6601', 'EG10117', 'G6937', 'EG12009', 'EG11472', 'G6780']
45	logistic	{'C': 1.0, 'penalty': 'l2'}	0.96	0.0	0.8714285714285714	0.9814814814814814	1.0	0.0	0.12857142857142856	0	96	['EG11193', 'EG11806', 'EG10118', 'G6825', 'EG11175', 'EG12016', 'EG11734', 'G6970', 'G6118', 'EG12061', 'EG11176', 'G6942', 'EG11462', 'EG10831', 'G6117', 'EG11188', 'G6603', 'EG11492', 'EG10337', 'EG10121', 'G6712', 'EG10883', 'EG10119', 'G6115', 'EG12318', 'G812', 'EG11891', 'G6631', 'EG11353', 'EG11892', 'EG10336', 'EG10660', 'EG11378', 'EG10747', 'G7467', 'EG10278', 'G7490', 'EG12009', 'EG11472', 'EG10117', 'EG10065', 'G6937', 'G6941', 'EG10655', 'EG10841', 'G379', 'G7289', 'G6601', 'G7545', 'G7083', 'EG11398', 'RUVA', 'G7015', 'G7417', 'EG11753', 'G6933', 'G6780', 'G6943', 'G6116', 'EG10882', 'EG11357', 'G7685', 'EG10661', 'EG11491', 'EG11253', 'G7649', 'G7880', 'EG10817', 'EG12205', 'G0-10472', 'EG11812', 'G7506', 'EG10105', 'EG10120', 'EG11062', 'EG10352', 'EG12076', 'EG11061', 'EG10533', 'G6907', 'G6856', 'G7505', 'G6380', 'G0-16640', 'G6097', 'G7004', 'G7637', 'EG11719', 'EG10307', 'EG10098', 'G6940', 'G6990', 'G6339', 'EG10103', 'G8210', 'G7693']
46	logistic	{'C': 1.0, 'penalty': 'l2'}	0.96	0.9	0.8714285714285714	0.9814814814814814	1.0	0.0	0.12857142857142856	0	96	['EG11193', 'EG11806', 'EG10118', 'G6825', 'EG11175', 'EG12016', 'EG11734', 'G6970', 'G6118', 'EG12061', 'EG11176', 'G6942', 'EG11462', 'EG10831', 'G6117', 'EG11188', 'EG11492', 'G6603', 'EG10337', 'EG10121', 'G6712', 'EG10883', 'G6115', 'EG10119', 'EG12318', 'G812', 'EG11891', 'G6631', 'EG11353', 'EG11892', 'EG10336', 'EG10660', 'EG11378', 'EG10747', 'G7467', 'EG10278', 'EG12009', 'G7490', 'EG11472', 'EG10117', 'EG10065', 'G6937', 'G6941', 'EG10655', 'EG10841', 'G379', 'G7289', 'G6601', 'G7545', 'G7083', 'EG11398', 'RUVA', 'G7015', 'G7417', 'EG11753', 'G6933', 'G6780', 'G6943', 'G6116', 'EG10882', 'EG11357', 'G7685', 'EG10661', 'EG11491', 'EG11253', 'G7649', 'G7880', 'EG10817', 'EG12205', 'G0-10472', 'EG11812', 'G7506', 'EG10105', 'EG10120', 'EG11062', 'EG10352', 'EG12076', 'EG11061', 'EG10533', 'G6907', 'G6856', 'G7505', 'G6380', 'G0-16640', 'G6097', 'G7004', 'G7637', 'EG11719', 'EG10307', 'EG10098', 'G6940', 'G6990', 'G6339', 'EG10103', 'G8210', 'G7693']
47	logistic	{'C': 1.0, 'penalty': 'l2'}	0.96		0.8714285714285714	0.9814814814814814	1.0	0.0	0.12857142857142856	0	96	['EG11193', 'EG11806', 'EG10118', 'G6825', 'EG11175', 'EG12016', 'EG11734', 'G6970', 'G6118', 'EG12061', 'EG11176', 'G6942', 'EG11462', 'EG10831', 'G6117', 'EG11188', 'G6603', 'EG11492', 'EG10337', 'EG10121', 'G6712', 'EG10883', 'EG10119', 'G6115', 'EG12318', 'G812', 'EG11891', 'G6631', 'EG11353', 'EG11892', 'EG10336', 'EG10660', 'EG11378', 'EG10747', 'G7467', 'EG10278', 'G7490', 'EG12009', 'EG11472', 'EG10117', 'EG10065', 'G6937', 'G6941', 'EG10655', 'EG10841', 'G379', 'G7289', 'G6601', 'G7545', 'G7083', 'EG11398', 'RUVA', 'G7015', 'G7417', 'EG11753', 'G6933', 'G6780', 'G6943', 'G6116', 'EG10882', 'EG11357', 'G7685', 'EG10661', 'EG11491', 'EG11253', 'G7649', 'G7880', 'EG10817', 'EG12205', 'G0-10472', 'EG11812', 'G7506', 'EG10105', 'EG10120', 'EG11062', 'EG10352', 'EG12076', 'EG11061', 'EG10533', 'G6907', 'G6856', 'G7505', 'G6380', 'G0-16640', 'G6097', 'G7004', 'G7637', 'EG11719', 'EG10307', 'EG10098', 'G6940', 'G6990', 'G6339', 'EG10103', 'G8210', 'G7693']
48	logistic	{'penalty': 'l2', 'C': 1.0}	0.97	0.0	0.8714285714285714	0.9777777777777779	0.9907407407407409	0.009259259259259257	0.11931216931216948	0	40	['EG11193', 'EG11806', 'EG10118', 'G6825', 'G6118', 'EG11734', 'EG11175', 'G6970', 'G6942', 'EG11176', 'EG11462', 'EG12016', 'G6712', 'G6117', 'EG10831', 'EG11188', 'EG11492', 'EG12061', 'G7289', 'EG10337', 'EG11353', 'G812', 'EG10883', 'G6603', 'EG11892', 'EG10278', 'G6115', 'G7467', 'G6631', 'EG10119', 'EG11378', 'EG12318', 'G6601', 'EG11891', 'EG10121', 'EG10747', 'EG12009', 'G6780', 'EG11472', 'G7685']
49	logistic	{'penalty': 'l2', 'C': 1.0}	0.97	0.9	0.8714285714285714	0.9777777777777779	0.9907407407407409	0.009259259259259257	0.11931216931216948	0	40	['EG11193', 'EG11806', 'EG10118', 'G6825', 'G6118', 'EG11734', 'EG11175', 'G6970', 'G6942', 'EG11176', 'EG11462', 'EG12016', 'G6712', 'G6117', 'EG10831', 'EG11188', 'EG11492', 'EG12061', 'G7289', 'EG10337', 'EG11353', 'G812', 'EG10883', 'EG11892', 'EG10278', 'G6115', 'G7467', 'G6603', 'G6631', 'EG10119', 'EG11378', 'EG12318', 'G6601', 'EG11891', 'EG10121', 'EG10747', 'EG12009', 'G6780', 'EG11472', 'G7685']
50	logistic	{'penalty': 'l2', 'C': 1.0}	0.97		0.8714285714285714	0.9777777777777779	0.9907407407407409	0.009259259259259257	0.11931216931216948	0	40	['EG11193', 'EG11806', 'EG10118', 'G6825', 'G6118', 'EG11734', 'EG11175', 'G6970', 'G6942', 'EG11176', 'EG11462', 'EG12016', 'G6712', 'G6117', 'EG10831', 'EG11188', 'EG11492', 'EG12061', 'G7289', 'EG10337', 'EG11353', 'G812', 'EG10883', 'G6603', 'EG11892', 'EG10278', 'G6115', 'G7467', 'G6631', 'EG10119', 'EG11378', 'EG12318', 'G6601', 'EG11891', 'EG10121', 'EG10747', 'EG12009', 'G6780', 'EG11472', 'G7685']
51	logistic	{'C': 0.15789473692631578, 'penalty': 'l2'}	0.98	0.0	0.8714285714285714	0.9555555555555555	0.9888888888888889	0.011111111111111108	0.11746031746031749	0	45	['EG11193', 'EG11806', 'EG10118', 'G6825', 'EG11734', 'EG11175', 'G6118', 'EG12016', 'G6970', 'EG10831', 'EG10883', 'EG11176', 'EG12061', 'EG10337', 'G6117', 'G6115', 'G6942', 'EG11492', 'EG12318', 'EG10747', 'G6631', 'G6603', 'G812', 'EG10121', 'EG11188', 'EG11378', 'EG11462', 'EG10660', 'EG11472', 'G6712', 'EG11891', 'EG11892', 'G7490', 'EG10119', 'EG11353', 'EG10278', 'EG10841', 'G6937', 'EG10336', 'G7015', 'EG11753', 'EG12009', 'EG11357', 'G6601', 'EG11398']
52	logistic	{'C': 0.15789473692631578, 'penalty': 'l2'}	0.98	0.9	0.8714285714285714	0.9555555555555555	0.9888888888888889	0.011111111111111108	0.11746031746031749	0	45	['EG11193', 'EG11806', 'EG10118', 'G6825', 'EG11734', 'EG11175', 'G6118', 'EG12016', 'G6970', 'EG10831', 'EG10883', 'EG11176', 'EG12061', 'EG10337', 'G6117', 'G6115', 'G6942', 'EG11492', 'EG12318', 'EG10747', 'G6631', 'G812', 'EG10121', 'G6603', 'EG11188', 'EG11378', 'EG10660', 'EG11462', 'EG11472', 'G6712', 'EG11891', 'EG11892', 'G7490', 'EG10119', 'EG10278', 'EG11353', 'EG10841', 'G6937', 'EG10336', 'G7015', 'EG11753', 'EG12009', 'EG11357', 'G6601', 'EG11398']
53	logistic	{'C': 0.15789473692631578, 'penalty': 'l2'}	0.98		0.8714285714285714	0.9555555555555555	0.9888888888888889	0.011111111111111108	0.11746031746031749	0	45	['EG11193', 'EG11806', 'EG10118', 'G6825', 'EG11734', 'EG11175', 'G6118', 'EG12016', 'G6970', 'EG10831', 'EG10883', 'EG11176', 'EG12061', 'EG10337', 'G6117', 'G6115', 'G6942', 'EG11492', 'EG12318', 'EG10747', 'G6631', 'G6603', 'G812', 'EG10121', 'EG11188', 'EG11378', 'EG11462', 'EG10660', 'EG11472', 'G6712', 'EG11891', 'EG11892', 'G7490', 'EG10119', 'EG11353', 'EG10278', 'EG10841', 'G6937', 'EG10336', 'G7015', 'EG11753', 'EG12009', 'EG11357', 'G6601', 'EG11398']
54	logistic	{'C': 1.0, 'penalty': 'l2'}	0.99	0.0	0.8714285714285714	0.9611111111111111	0.9777777777777779	0.01867040112037347	0.10634920634920642	0	29	['EG11193', 'EG11806', 'EG10118', 'G6825', 'G6942', 'EG11734', 'G6117', 'G6712', 'G6118', 'G6970', 'G6631', 'EG11176', 'EG12061', 'G6115', 'EG11175', 'EG10831', 'EG11492', 'EG10337', 'EG10747', 'EG10883', 'EG11188', 'G6603', 'EG11891', 'EG12016', 'G812', 'EG12318', 'EG11472', 'EG11378', 'EG10121']
55	logistic	{'C': 1.0, 'penalty': 'l2'}	0.99	0.9	0.8714285714285714	0.9611111111111111	0.9777777777777779	0.01867040112037347	0.10634920634920642	0	29	['EG11193', 'EG11806', 'EG10118', 'G6825', 'G6942', 'EG11734', 'G6117', 'G6712', 'G6118', 'G6631', 'G6970', 'EG11176', 'EG12061', 'G6115', 'EG11175', 'EG10831', 'EG11492', 'EG10337', 'EG10747', 'EG10883', 'EG11188', 'G6603', 'EG11891', 'EG12016', 'G812', 'EG12318', 'EG11472', 'EG11378', 'EG10121']
56	logistic	{'C': 1.0, 'penalty': 'l2'}	0.99		0.8714285714285714	0.9611111111111111	0.9777777777777779	0.01867040112037347	0.10634920634920642	0	29	['EG11193', 'EG11806', 'EG10118', 'G6825', 'G6942', 'EG11734', 'G6117', 'G6712', 'G6118', 'G6970', 'G6631', 'EG11176', 'EG12061', 'G6115', 'EG11175', 'EG10831', 'EG11492', 'EG10337', 'EG10747', 'EG10883', 'EG11188', 'G6603', 'EG11891', 'EG12016', 'G812', 'EG12318', 'EG11472', 'EG11378', 'EG10121']
57	tree	{'max_features': 0.382, 'criterion': 'entropy', 'min_samples_leaf': 1}	0.0	0.0	0.7525853775853775	0.7525853775853775	0.8923039923039924	0.037304198626683424	0.1397186147186149	0	52	['EG10445', 'EG10902', 'EG10449', 'G7808', 'EG11231', 'G6397', 'G6662', 'G6083', 'EG10661', 'EG11357', 'EG12138', 'EG10911', 'EG11806', 'EG12341', 'EG10507', 'EG10596', 'EG11581', 'G6573', 'G6603', 'EG12009', 'EG10450', 'EG10590', 'EG10997', 'EG10307', 'EG11253', 'EG12076', 'G7609', 'EG10103', 'G6825', 'EG10334', 'G6880', 'G7325', 'G7717', 'EG11759', 'G6225', 'EG11113', 'G6775', 'EG10340', 'G7890', 'EG12371', 'G6806', 'EG10747', 'EG11204', 'EG11491', 'EG12433', 'G7016', 'RUVA', 'G7311', 'G6562', 'G7015', 'G6384', 'EG10352']
58	tree	{'max_features': 0.382, 'criterion': 'entropy', 'min_samples_leaf': 1}	0.0	0.9	0.7525853775853775	0.7525853775853775	0.9174122174122173	0.03573974232575071	0.16482683982683988	0	69	['EG10445', 'G7808', 'EG10902', 'EG10449', 'EG10596', 'EG11806', 'G6397', 'EG10661', 'EG11231', 'G6603', 'EG12009', 'G6662', 'EG12341', 'EG11759', 'G6880', 'EG11357', 'EG10450', 'EG11491', 'EG11253', 'G7609', 'G6225', 'EG11581', 'EG10747', 'G6573', 'EG10307', 'EG10068', 'G6825', 'EG12433', 'EG10911', 'EG10103', 'G7311', 'G6622', 'RUVA', 'EG11113', 'EG11472', 'EG10174', 'EG10511', 'EG10092', 'EG10597', 'EG11204', 'G6775', 'EG11193', 'EG10997', 'EG10507', 'EG11623', 'EG11695', 'G6455', 'G7933', 'EG11965', 'G0-10441', 'G6083', 'G6589', 'EG10156', 'EG12318', 'G6384', 'EG10628', 'G7325', 'G6438', 'EG11352', 'G7015', 'G7717', 'EG10340', 'G7016', 'G6806', 'G7613', 'EG10118', 'EG12138', 'G7024', 'EG11062']
59	tree	{'max_features': 0.382, 'criterion': 'entropy', 'min_samples_leaf': 1}	0.0		0.7525853775853775	0.7525853775853775	0.9038359788359789	0.051345457274449384	0.1512506012506014	0	33	['EG10445', 'EG10902', 'G7808', 'EG10449', 'EG11231', 'G6397', 'G6662', 'G6083', 'EG10661', 'EG11357', 'EG11806', 'EG10911', 'EG12341', 'EG12138', 'EG10596', 'EG10507', 'EG11581', 'G6573', 'G6603', 'EG12009', 'EG10450', 'EG10590', 'EG10307', 'EG10997', 'EG11253', 'G7609', 'EG12076', 'EG10103', 'G6825', 'G6880', 'EG11759', 'EG10334', 'G7325']
60	tree	{'max_features': None, 'criterion': 'entropy', 'min_samples_leaf': 1}	0.1	0.0	0.7525853775853775	0.6844839371155161	0.8624338624338624	0.06151104041912427	0.10984848484848497	0	5	['G6990', 'EG10445', 'EG11472', 'G6662', 'G7808']
61	tree	{'max_features': None, 'criterion': 'entropy', 'min_samples_leaf': 1}	0.1	0.9	0.7525853775853775	0.6844839371155161	0.8669312169312169	0.05974775454201739	0.11434583934583942	0	3	['G7808', 'EG10445', 'EG11472']
62	tree	{'max_features': None, 'criterion': 'entropy', 'min_samples_leaf': 1}	0.1		0.7525853775853775	0.6844839371155161	0.8624338624338624	0.06151104041912427	0.10984848484848497	0	5	['G6990', 'EG10445', 'EG11472', 'G6662', 'G7808']
63	tree	{'max_features': None, 'criterion': 'entropy', 'min_samples_leaf': 1}	0.2	0.0	0.7525853775853775	0.695462773094352	0.8624338624338626	0.058717399488278504	0.10984848484848508	0	11	['EG10445', 'EG11473', 'G7808', 'G6662', 'EG10892', 'EG12009', 'EG10449', 'EG11253', 'EG10828', 'EG11806', 'G6856']
64	tree	{'max_features': None, 'criterion': 'entropy', 'min_samples_leaf': 1}	0.2	0.9	0.7525853775853775	0.695462773094352	0.8510582010582011	0.060024110425978765	0.0984728234728236	0	9	['G7808', 'EG10445', 'EG12009', 'EG11473', 'G6662', 'EG10449', 'EG11806', 'EG10828', 'EG11253']
65	tree	{'max_features': None, 'criterion': 'entropy', 'min_samples_leaf': 1}	0.2		0.7525853775853775	0.695462773094352	0.8624338624338626	0.058717399488278504	0.10984848484848508	0	11	['EG10445', 'EG11473', 'G7808', 'G6662', 'EG10892', 'EG12009', 'EG10449', 'EG11253', 'EG10828', 'EG11806', 'G6856']
66	tree	{'max_features': 0.382, 'criterion': 'entropy', 'min_samples_leaf': 1}	0.3	0.0	0.7525853775853775	0.7227013240171135	0.9046296296296296	0.03774714144999926	0.1520442520442521	0	53	['G7808', 'EG10445', 'G6662', 'EG12403', 'EG11623', 'EG11160', 'EG10100', 'G7395', 'EG11806', 'EG10449', 'EG10661', 'G7016', 'EG10447', 'EG11113', 'EG11491', 'G6603', 'EG11026', 'EG10450', 'EG12341', 'EG12629', 'EG11759', 'EG10105', 'G6886', 'G7609', 'EG11253', 'EG10446', 'EG10747', 'EG10018', 'G7806', 'EG12076', 'EG10103', 'EG10596', 'EG10864', 'EG10013', 'EG11373', 'G6573', 'G372', 'G6455', 'G7311', 'EG11921', 'EG11753', 'EG10203', 'EG11472', 'EG11062', 'G6471', 'EG10156', 'EG12009', 'EG10130', 'G7024', 'G7033', 'G6880', 'EG11586', 'EG11033']
67	tree	{'max_features': 0.382, 'criterion': 'entropy', 'min_samples_leaf': 1}	0.3	0.9	0.7525853775853775	0.7227013240171135	0.9114838864838865	0.037810863356091205	0.15889850889850898	0	79	['G7808', 'EG10445', 'EG11806', 'G6662', 'EG11623', 'EG12403', 'EG10661', 'EG11759', 'EG11491', 'EG10450', 'G6603', 'EG10449', 'G7395', 'EG11253', 'EG11113', 'EG10596', 'EG12341', 'EG11160', 'EG10100', 'G7609', 'EG10747', 'G7016', 'EG10447', 'G7806', 'EG11373', 'EG10105', 'EG10446', 'G6573', 'EG10511', 'G6455', 'EG10156', 'EG11026', 'EG10103', 'G6880', 'G7311', 'EG10597', 'G6438', 'EG11472', 'EG11062', 'EG10068', 'EG12076', 'EG10130', 'EG12009', 'G7024', 'EG12629', 'G379', 'G6886', 'EG10092', 'G7563', 'EG10203', 'EG11352', 'G0-10441', 'G7613', 'EG11753', 'EG11193', 'G6631', 'EG11357', 'G7933', 'EG10902', 'EG10648', 'G6556', 'EG10628', 'EG10410', 'G812', 'G6115', 'EG10382', 'EG11965', 'EG10119', 'EG10678', 'G7108', 'G6738', 'EG12016', 'EG10018', 'EG11695', 'EG10013', 'G6256', 'EG10118', 'G7004', 'EG10674']
68	tree	{'max_features': 0.382, 'criterion': 'entropy', 'min_samples_leaf': 1}	0.3		0.7525853775853775	0.7227013240171135	0.9010582010582012	0.04071723971635288	0.14847282347282376	0	12	['G7808', 'EG10445', 'G6662', 'EG12403', 'EG11623', 'EG11160', 'EG10100', 'G7395', 'EG11806', 'EG10449', 'EG10661', 'G7016']
69	tree	{'max_features': 0.382, 'criterion': 'entropy', 'min_samples_leaf': 1}	0.4	0.0	0.7525853775853775	0.7887205387205387	0.8908730158730158	0.05037991290802535	0.13828763828763835	0	6	['G6603', 'EG10766', 'EG10445', 'EG11253', 'G7808', 'EG10449']
70	tree	{'max_features': 0.382, 'criterion': 'entropy', 'min_samples_leaf': 1}	0.4	0.9	0.7525853775853775	0.7887205387205387	0.891005291005291	0.039122829363500956	0.13841991341991355	0	59	['G6603', 'G7808', 'EG10445', 'EG11961', 'EG10449', 'EG11253', 'EG11806', 'EG10766', 'EG11491', 'EG10596', 'EG12689', 'EG10068', 'EG10450', 'G6662', 'G6433', 'G7016', 'G6880', 'EG10661', 'EG12341', 'G7609', 'EG11759', 'G7311', 'EG10747', 'EG11083', 'EG10614', 'EG10130', 'EG10511', 'EG10156', 'EG10628', 'G7017', 'EG10597', 'G7144', 'G6967', 'EG11193', 'G6937', 'EG50006', 'G6455', 'EG10769', 'G6115', 'EG10651', 'G7267', 'EG11113', 'G7839', 'EG11965', 'EG11628', 'EG10574', 'G7395', 'G7682', 'EG12076', 'EG11352', 'G6666', 'G7685', 'EG12040', 'G0-10441', 'G6630', 'G7612', 'G7933', 'G7806', 'EG11472']
71	tree	{'max_features': 0.382, 'criterion': 'entropy', 'min_samples_leaf': 1}	0.4		0.7525853775853775	0.7887205387205387	0.8856421356421357	0.03594290376212487	0.1330567580567582	0	74	['G6603', 'EG10766', 'EG10445', 'G7808', 'EG11253', 'EG10449', 'EG11961', 'G6662', 'EG11806', 'G7016', 'EG11491', 'EG10450', 'EG10661', 'EG10596', 'G7609', 'EG12341', 'EG11083', 'EG10068', 'G6880', 'EG10102', 'EG12689', 'G6967', 'G7311', 'EG12040', 'EG10614', 'G7659', 'G7856', 'G6937', 'G6433', 'G6115', 'EG11113', 'EG10130', 'EG10747', 'EG11759', 'EG10156', 'G7617', 'G7144', 'EG11193', 'EG11231', 'EG11731', 'G7267', 'G6455', 'G7806', 'EG11652', 'EG10628', 'EG10834', 'G7839', 'G7682', 'EG10574', 'G7073', 'EG11492', 'EG11479', 'EG10103', 'EG12318', 'EG11782', 'EG10651', 'EG10511', 'G7017', 'G7024', 'G6885', 'EG10464', 'EG12780', 'EG50006', 'EG12037', 'EG11965', 'G6413', 'EG12009', 'EG10118', 'EG10597', 'G7685', 'G6380', 'EG11472', 'G7395', 'G7845']
72	tree	{'max_features': None, 'criterion': 'entropy', 'min_samples_leaf': 1}	0.5	0.0	0.7525853775853775	0.6985190248348144	0.8544532627865961	0.06751802816666631	0.10186788520121859	0	7	['EG10445', 'EG10449', 'EG11491', 'EG12341', 'G7808', 'G6662', 'EG10839']
73	tree	{'max_features': None, 'criterion': 'entropy', 'min_samples_leaf': 1}	0.5	0.9	0.7525853775853775	0.6985190248348144	0.858994708994709	0.06850472783119263	0.10640933140933151	0	4	['EG10445', 'G7808', 'EG11491', 'EG12341']
74	tree	{'max_features': None, 'criterion': 'entropy', 'min_samples_leaf': 1}	0.5		0.7525853775853775	0.6985190248348144	0.8544532627865961	0.06751802816666631	0.10186788520121859	0	7	['EG10445', 'EG10449', 'EG11491', 'EG12341', 'G7808', 'G6662', 'EG10839']
75	tree	{'max_features': 0.382, 'criterion': 'entropy', 'min_samples_leaf': 1}	0.6	0.0	0.7525853775853775	0.7543112832586517	0.8858465608465608	0.05842796817571561	0.1332611832611833	0	78	['EG10445', 'EG10904', 'G7808', 'EG12629', 'G6662', 'EG10449', 'EG10203', 'EG10736', 'EG10372', 'EG11806', 'G6904', 'G6880', 'G7609', 'EG11191', 'EG11253', 'EG12341', 'EG10747', 'EG10661', 'EG10596', 'G7311', 'EG10068', 'G6438', 'G7610', 'G6863', 'EG11759', 'EG10628', 'G7016', 'EG10307', 'EG10444', 'EG11113', 'G6933', 'EG11023', 'EG10043', 'EG11491', 'EG11396', 'G6603', 'G6434', 'EG10130', 'EG12837', 'EG12076', 'G6967', 'EG11891', 'EG12009', 'EG11472', 'G6825', 'EG10103', 'EG11892', 'EG10345', 'EG11193', 'EG11620', 'EG11385', 'EG10092', 'EG12403', 'EG12008', 'EG10943', 'EG10450', 'EG10511', 'EG10156', 'RUVB', 'G6565', 'G7414', 'G7024', 'EG11857', 'G7650', 'G7015', 'G7883', 'G6447', 'EG12433', 'EG11880', 'EG10491', 'EG10410', 'G6622', 'EG10446', 'EG12630', 'EG10701', 'G6475', 'G6229', 'EG10597']
76	tree	{'max_features': 0.382, 'criterion': 'entropy', 'min_samples_leaf': 1}	0.6	0.9	0.7525853775853775	0.7543112832586517	0.9153078403078402	0.03097936638244846	0.1627224627224627	0	50	['G7808', 'EG10445', 'EG10904', 'EG10449', 'G6662', 'EG10372', 'EG11806', 'EG10203', 'G6880', 'EG10596', 'EG12629', 'EG11253', 'EG10736', 'EG10747', 'EG11759', 'G7609', 'EG12341', 'EG10307', 'EG11491', 'G7311', 'EG10092', 'G6434', 'EG10661', 'EG10628', 'G6603', 'G6438', 'G7610', 'EG10130', 'G6825', 'EG10068', 'G6863', 'EG11472', 'EG10511', 'EG10043', 'G6904', 'EG11891', 'EG11113', 'EG12009', 'EG11023', 'EG11193', 'EG10597', 'G7016', 'EG10444', 'EG10156', 'G7933', 'EG11191', 'EG10103', 'G6455', 'G6622', 'G6967']
77	tree	{'max_features': 0.382, 'criterion': 'entropy', 'min_samples_leaf': 1}	0.6		0.7525853775853775	0.7543112832586517	0.8821067821067822	0.05136031747709473	0.1295214045214047	0	9	['EG10445', 'EG10904', 'G7808', 'EG12629', 'G6662', 'EG10449', 'EG10203', 'EG10736', 'EG10372']
78	tree	{'max_features': 0.382, 'criterion': 'entropy', 'min_samples_leaf': 1}	0.7	0.0	0.7525853775853775	0.7458513708513709	0.8705026455026456	0.05622978194784861	0.11791726791726809	0	43	['EG10877', 'EG10445', 'G7808', 'EG10828', 'G6662', 'EG10098', 'EG11806', 'EG10449', 'EG11113', 'G6856', 'G7609', 'EG10916', 'EG10450', 'EG11897', 'G7311', 'G6416', 'EG12076', 'EG10242', 'EG11491', 'EG12341', 'EG10307', 'EG11253', 'G6603', 'EG10661', 'G7016', 'EG10103', 'G6116', 'G6880', 'EG11759', 'EG10596', 'G6455', 'EG11193', 'EG10068', 'G6806', 'EG10651', 'EG11204', 'G6454', 'G7236', 'EG12009', 'EG10464', 'G6457', 'G7017', 'G7148']
79	tree	{'max_features': 0.382, 'criterion': 'entropy', 'min_samples_leaf': 1}	0.7	0.9	0.7525853775853775	0.7458513708513709	0.903042328042328	0.03532824117892683	0.1504569504569505	0	73	['G7808', 'EG10445', 'EG11806', 'EG10828', 'EG11113', 'EG10877', 'G7609', 'EG10098', 'EG10450', 'G6662', 'EG11491', 'G6856', 'EG10449', 'EG11759', 'G7311', 'EG11253', 'EG10596', 'EG12341', 'EG11897', 'G6603', 'EG10916', 'EG10068', 'G6455', 'EG10092', 'EG10242', 'EG11204', 'EG10661', 'EG11193', 'G6880', 'G6116', 'EG12076', 'EG10103', 'G6454', 'G7017', 'G7016', 'EG12009', 'G7236', 'EG10307', 'G6438', 'EG11472', 'G6416', 'EG10511', 'EG12606', 'EG10747', 'G6457', 'EG10156', 'EG10464', 'EG10628', 'EG12860', 'G7685', 'G7614', 'G7395', 'G6666', 'G7148', 'EG10648', 'G7613', 'EG11232', 'G6115', 'EG10130', 'G0-10441', 'EG12318', 'G6933', 'EG10830', 'EG10597', 'G0-10459', 'EG11474', 'G6573', 'EG10815', 'G7933', 'EG12240', 'EG10444', 'G7756', 'EG11730']
80	tree	{'max_features': 0.382, 'criterion': 'entropy', 'min_samples_leaf': 1}	0.7		0.7525853775853775	0.7458513708513709	0.8916666666666667	0.05120639739671242	0.13908128908128925	0	93	['EG10877', 'EG10445', 'G7808', 'EG10828', 'G6662', 'EG11806', 'EG10098', 'EG10449', 'EG11113', 'G7609', 'EG10450', 'G6856', 'EG10916', 'G7311', 'EG11897', 'G6416', 'EG12076', 'EG10242', 'EG11491', 'EG12341', 'EG11253', 'EG10307', 'G6603', 'EG10661', 'G7016', 'EG10103', 'G6116', 'EG11759', 'EG10596', 'G6880', 'G6455', 'EG11193', 'EG10068', 'EG11204', 'G6806', 'EG10651', 'G6454', 'EG12009', 'G7236', 'EG10464', 'G6457', 'G7017', 'G7148', 'G6115', 'EG10648', 'EG11730', 'G0-10459', 'EG10092', 'EG11474', 'G6933', 'EG11472', 'EG12606', 'EG10444', 'EG12629', 'EG12860', 'G7327', 'G7395', 'EG10815', 'EG11259', 'EG10830', 'G7614', 'G7024', 'EG10138', 'EG10747', 'EG11232', 'EG10410', 'G7093', 'G7685', 'EG10424', 'EG12626', 'EG12449', 'G6438', 'EG12318', 'EG10628', 'EG11373', 'EG11351', 'G7613', 'EG10935', 'EG11481', 'EG10156', 'G6573', 'EG10118', 'G7756', 'EG10265', 'EG10023', 'G6094', 'G6380', 'EG10130', 'G7458', 'EG12374', 'EG10892', 'G6117', 'G7511']
81	tree	{'max_features': 'sqrt', 'criterion': 'entropy', 'min_samples_leaf': 1}	0.8	0.0	0.7525853775853775	0.7899331662489558	0.928018278018278	0.02915486451614016	0.1754329004329005	0	76	['EG11491', 'EG10445', 'EG10449', 'G7808', 'EG12009', 'EG10872', 'EG11581', 'G6662', 'G6573', 'EG11806', 'G7806', 'G7612', 'EG10103', 'G7609', 'EG10661', 'EG12076', 'G6880', 'EG12626', 'EG11113', 'EG11759', 'EG10628', 'G6603', 'EG11403', 'EG11942', 'EG10248', 'EG11481', 'G7016', 'EG10092', 'EG12341', 'EG10596', 'G6856', 'EG10068', 'EG10130', 'EG10409', 'EG10944', 'EG10830', 'G6937', 'G7311', 'G6455', 'EG12318', 'EG10450', 'G6967', 'EG10117', 'EG10223', 'G7024', 'G7490', 'EG11253', 'EG11353', 'EG10173', 'EG11017', 'G7458', 'G7933', 'G6380', 'EG10065', 'EG11652', 'G6895', 'G6622', 'EG11193', 'EG10839', 'EG10138', 'EG12023', 'EG10834', 'EG10334', 'EG10340', 'EG11472', 'EG12360', 'EG10747', 'G6474', 'EG10118', 'G7685', 'EG11058', 'EG11024', 'EG10552', 'G7549', 'G7015', 'G6666']
82	tree	{'max_features': 'sqrt', 'criterion': 'entropy', 'min_samples_leaf': 1}	0.8	0.9	0.7525853775853775	0.7899331662489558	0.9157166907166907	0.027955036169035014	0.16313131313131324	0	49	['EG11491', 'G7808', 'EG10445', 'EG10449', 'EG12009', 'EG10872', 'EG11581', 'EG11806', 'G7612', 'EG10103', 'G6573', 'G6662', 'G7806', 'G7609', 'G6880', 'EG11759', 'EG12076', 'EG12626', 'EG10628', 'EG10092', 'EG10661', 'EG11942', 'EG11403', 'EG11113', 'EG10248', 'EG10596', 'G6603', 'EG10068', 'G6455', 'EG10409', 'G6856', 'EG12341', 'EG10130', 'G7311', 'EG12318', 'EG10830', 'EG10944', 'G6622', 'EG11353', 'EG11253', 'EG11193', 'EG11354', 'EG10747', 'G6895', 'G7024', 'G7458', 'EG10450', 'G7549', 'EG10511']
83	tree	{'max_features': 'sqrt', 'criterion': 'entropy', 'min_samples_leaf': 1}	0.8		0.7525853775853775	0.7899331662489558	0.929100529100529	0.029066768748321394	0.1765151515151515	0	100	['EG11491', 'EG10445', 'EG10449', 'G7808', 'EG12009', 'EG10872', 'EG11581', 'G6662', 'EG11806', 'G6573', 'G7806', 'G7612', 'EG10103', 'G7609', 'EG12076', 'EG10661', 'G6880', 'EG12626', 'EG11113', 'EG11759', 'EG10628', 'G6603', 'EG11403', 'EG11942', 'EG10248', 'EG10092', 'G7016', 'EG11481', 'EG12341', 'EG10596', 'G6856', 'EG10068', 'EG10130', 'EG10409', 'EG10944', 'EG10830', 'G6455', 'G6937', 'G7311', 'EG12318', 'EG10450', 'EG10117', 'G6967', 'EG10223', 'G7024', 'EG11253', 'G7490', 'EG11353', 'EG10173', 'G7458', 'G7933', 'EG11017', 'G6380', 'EG10065', 'EG11652', 'G6895', 'G6622', 'EG11193', 'EG10839', 'EG12023', 'EG10138', 'EG10834', 'EG10340', 'EG10334', 'EG11472', 'EG12360', 'EG10747', 'G6474', 'EG10118', 'G7685', 'G7549', 'EG11058', 'EG10552', 'EG11024', 'G6666', 'G6225', 'G7015', 'G6886', 'EG10464', 'EG11695', 'EG10916', 'EG10156', 'EG11354', 'EG11474', 'EG11473', 'EG10770', 'G6631', 'EG10845', 'EG12037', 'EG12374', 'EG11357', 'RUVA', 'EG10446', 'G6502', 'EG10511', 'EG10694', 'EG11965', 'EG11300', 'EG10098', 'EG10424']
84	tree	{'max_features': 'sqrt', 'criterion': 'entropy', 'min_samples_leaf': 1}	0.9	0.0	0.7525853775853775	0.8122218424850004	0.91494708994709	0.04270159098214698	0.16236171236171248	0	22	['EG10445', 'EG10596', 'EG11253', 'G7808', 'G7024', 'G6662', 'EG10043', 'EG10068', 'EG10449', 'G6967', 'EG12341', 'G6556', 'EG11806', 'G7609', 'G6603', 'G0-10441', 'EG11759', 'EG11193', 'G7016', 'G6880', 'EG10881', 'G7148']
85	tree	{'max_features': 'sqrt', 'criterion': 'entropy', 'min_samples_leaf': 1}	0.9	0.9	0.7525853775853775	0.8122218424850004	0.9203463203463202	0.030668009514817064	0.16776094276094278	0	45	['EG10445', 'EG10596', 'G7808', 'EG11253', 'G7024', 'EG10068', 'EG10043', 'EG12341', 'EG10449', 'G6662', 'G6967', 'EG11806', 'EG11759', 'G6603', 'EG11193', 'G0-10441', 'G6880', 'G7609', 'EG10092', 'G6556', 'EG11491', 'G7610', 'EG10881', 'G7148', 'G6475', 'EG10628', 'EG10118', 'EG10661', 'EG10105', 'G6455', 'EG10747', 'EG10450', 'EG10121', 'G7612', 'G7682', 'EG11083', 'G7016', 'EG10910', 'G6622', 'EG10703', 'G7933', 'EG10103', 'G7456', 'EG12009', 'G6117']
86	tree	{'max_features': 'sqrt', 'criterion': 'entropy', 'min_samples_leaf': 1}	0.9		0.7525853775853775	0.8122218424850004	0.91521164021164	0.03614848564495997	0.16262626262626256	0	4	['EG10445', 'EG10596', 'G7808', 'EG11253']
87	tree	{'max_features': None, 'criterion': 'entropy', 'min_samples_leaf': 1}	0.91	0.0	0.7525853775853775	0.730940355940356	0.8664462081128748	0.05997216092549736	0.11386083052749729	0	17	['G6662', 'EG10445', 'EG12341', 'G7808', 'G7016', 'EG11806', 'EG10449', 'EG10661', 'EG11472', 'EG10138', 'EG10904', 'G7609', 'EG11193', 'EG10628', 'EG10450', 'EG10597', 'EG11004']
88	tree	{'max_features': None, 'criterion': 'entropy', 'min_samples_leaf': 1}	0.91	0.9	0.7525853775853775	0.730940355940356	0.8578042328042328	0.06306368252821874	0.10521885521885532	0	25	['G6662', 'G7808', 'EG10445', 'EG12341', 'EG11806', 'EG10661', 'G7016', 'EG11472', 'EG10449', 'EG10597', 'EG11193', 'G7609', 'EG10628', 'EG10904', 'EG11759', 'EG10138', 'G7311', 'EG11004', 'G7682', 'EG11491', 'EG10121', 'EG10596', 'EG11462', 'EG10450', 'EG10382']
89	tree	{'max_features': None, 'criterion': 'entropy', 'min_samples_leaf': 1}	0.91		0.7525853775853775	0.730940355940356	0.8704144620811287	0.06034410075994173	0.11782908449575125	0	17	['G6662', 'EG10445', 'G7808', 'EG12341', 'G7016', 'EG11806', 'EG10449', 'EG10661', 'EG11472', 'EG10138', 'EG10904', 'G7609', 'EG11193', 'EG10628', 'EG10597', 'EG10450', 'EG11004']
90	tree	{'max_features': None, 'criterion': 'entropy', 'min_samples_leaf': 1}	0.92	0.0	0.7525853775853775	0.7255170755170756	0.8588624338624338	0.061484606145952754	0.1062770562770563	0	10	['EG10449', 'EG10445', 'G6662', 'G7808', 'EG10450', 'EG10424', 'G7148', 'EG11083', 'EG11403', 'G6380']
91	tree	{'max_features': None, 'criterion': 'entropy', 'min_samples_leaf': 1}	0.92	0.9	0.7525853775853775	0.7255170755170756	0.8866262879420774	0.03992709341015507	0.13404091035669996	0	2	['EG10449', 'G7808']
92	tree	{'max_features': None, 'criterion': 'entropy', 'min_samples_leaf': 1}	0.92		0.7525853775853775	0.7255170755170756	0.8588624338624338	0.061484606145952754	0.1062770562770563	0	10	['EG10449', 'EG10445', 'G7808', 'G6662', 'EG10450', 'EG10424', 'G7148', 'EG11083', 'EG11403', 'G6380']
93	tree	{'max_features': None, 'criterion': 'entropy', 'min_samples_leaf': 1}	0.93	0.0	0.7525853775853775	0.701046176046176	0.8662257495590828	0.05927937577550882	0.11364037197370536	0	9	['EG10445', 'G6662', 'EG11491', 'EG11113', 'G6970', 'G7808', 'EG10449', 'G6455', 'G7806']
94	tree	{'max_features': None, 'criterion': 'entropy', 'min_samples_leaf': 1}	0.93	0.9	0.7525853775853775	0.701046176046176	0.8720458553791887	0.05938596466125057	0.11946047779381119	0	6	['EG10445', 'EG11491', 'G6662', 'G7808', 'G6455', 'EG11113']
95	tree	{'max_features': None, 'criterion': 'entropy', 'min_samples_leaf': 1}	0.93		0.7525853775853775	0.701046176046176	0.8486331569664903	0.06294781801089862	0.09604777938111286	0	8	['EG10445', 'G6662', 'EG11491', 'EG11113', 'G6970', 'G7808', 'EG10449', 'G6455']
96	tree	{'max_features': 'log2', 'criterion': 'entropy', 'min_samples_leaf': 1}	0.94	0.0	0.7525853775853775	0.8394821228154562	0.9343915343915344	0.02738093358652532	0.18180615680615697	0	48	['EG10445', 'EG10043', 'G6556', 'EG10449', 'EG10663', 'G6662', 'G7808', 'EG10747', 'EG10130', 'G7311', 'G6225', 'EG11806', 'G7016', 'EG11231', 'EG10661', 'EG11491', 'G7610', 'EG12009', 'EG10628', 'G6856', 'EG11193', 'EG10596', 'G7609', 'G6573', 'EG10815', 'G7024', 'G6603', 'G7612', 'EG12341', 'EG12318', 'EG11759', 'EG11472', 'G6455', 'G7682', 'G7458', 'G7148', 'EG10450', 'EG10552', 'EG10105', 'G6416', 'EG11253', 'EG10382', 'EG10068', 'EG11965', 'EG12076', 'RUVA', 'EG10156', 'EG11113']
97	tree	{'max_features': 'log2', 'criterion': 'entropy', 'min_samples_leaf': 1}	0.94	0.9	0.7525853775853775	0.8394821228154562	0.9313371813371814	0.028304568645895933	0.17875180375180388	0	83	['EG10445', 'EG10043', 'G7808', 'G6556', 'EG10449', 'EG10663', 'G6662', 'EG10747', 'EG11491', 'EG11806', 'G6225', 'EG10628', 'EG10130', 'EG12009', 'EG10661', 'EG11231', 'G7016', 'G7311', 'G7610', 'EG11193', 'EG10596', 'EG12318', 'G7612', 'G7609', 'EG10815', 'EG11759', 'G7024', 'G6856', 'G6603', 'EG10382', 'G6573', 'EG11472', 'G6455', 'EG12341', 'EG11913', 'EG10068', 'RUVA', 'EG10156', 'G7458', 'EG11253', 'EG11965', 'EG10511', 'EG10552', 'EG12076', 'G6880', 'G7682', 'EG10450', 'G7148', 'EG12433', 'G6416', 'EG10660', 'G6666', 'EG10103', 'EG11113', 'EG10036', 'G6622', 'EG11766', 'EG11385', 'EG11677', 'G7933', 'EG10770', 'EG10372', 'EG11083', 'G7806', 'G7017', 'EG11352', 'EG11004', 'EG10105', 'EG10648', 'EG10533', 'EG10410', 'EG11241', 'G7395', 'EG10464', 'G6738', 'G7685', 'EG11695', 'G6097', 'EG12403', 'EG10118', 'G7649', 'G0-10441', 'EG10023']
98	tree	{'max_features': 'log2', 'criterion': 'entropy', 'min_samples_leaf': 1}	0.94		0.7525853775853775	0.8394821228154562	0.8900793650793651	0.03714543572014491	0.13749398749398767	0	18	['EG10445', 'EG10043', 'G6556', 'EG10449', 'EG10663', 'G6662', 'G7808', 'EG10747', 'EG10130', 'G7311', 'G6225', 'EG11806', 'G7016', 'EG11231', 'EG10661', 'EG11491', 'G7610', 'EG12009']
99	tree	{'max_features': 'log2', 'criterion': 'entropy', 'min_samples_leaf': 1}	0.95	0.0	0.7525853775853775	0.8082732082732083	0.9247354497354497	0.026530723479408755	0.17215007215007228	0	100	['EG11491', 'G7808', 'EG10445', 'EG10663', 'G6662', 'EG10105', 'EG11806', 'EG10450', 'EG11472', 'EG10103', 'G6880', 'EG10449', 'EG10944', 'G7016', 'G7685', 'EG11113', 'EG10660', 'EG11004', 'EG11253', 'EG12341', 'EG10596', 'EG12009', 'EG10872', 'EG11204', 'G6455', 'G7610', 'G6806', 'EG10661', 'G6475', 'G6416', 'EG11193', 'EG11352', 'G7609', 'EG11759', 'G6967', 'G7311', 'G6603', 'G7148', 'G7806', 'EG10036', 'EG10902', 'EG12318', 'EG10068', 'G6856', 'EG12403', 'EG10119', 'G6438', 'EG10156', 'G6502', 'G6556', 'EG10747', 'G6565', 'EG11965', 'EG10130', 'G7933', 'RUVA', 'EG11695', 'G7024', 'EG10464', 'G7613', 'G7612', 'G0-10462', 'EG10023', 'G0-10441', 'G7735', 'G6666', 'EG11231', 'EG11473', 'EG10511', 'EG11357', 'EG11652', 'G6225', 'EG11913', 'EG10118', 'G6573', 'EG11456', 'EG10628', 'EG11943', 'EG11011', 'EG11083', 'EG10424', 'EG10043', 'EG10092', 'EG11766', 'G6097', 'G6855', 'G7458', 'EG10265', 'G7649', 'G6622', 'EG10410', 'EG10736', 'G0-10550', 'EG11462', 'EG11677', 'EG11385', 'EG11432', 'EG10834', 'EG10770', 'EG10121']
100	tree	{'max_features': 'log2', 'criterion': 'entropy', 'min_samples_leaf': 1}	0.95	0.9	0.7525853775853775	0.8082732082732083	0.9198292448292449	0.03208714412309761	0.16724386724386742	0	66	['EG11491', 'G7808', 'EG10445', 'EG10663', 'EG11806', 'EG11472', 'G6880', 'EG10450', 'EG10103', 'G7685', 'EG10105', 'G6662', 'EG10660', 'EG10596', 'G6455', 'EG11113', 'EG10449', 'G7016', 'EG11004', 'EG12009', 'EG11759', 'EG11352', 'EG11253', 'EG10944', 'EG11204', 'G6967', 'EG12341', 'EG11193', 'G6806', 'G7610', 'G7311', 'EG10872', 'EG10661', 'G7609', 'G6416', 'G6475', 'EG12318', 'EG10036', 'G6603', 'EG10902', 'G6856', 'EG10068', 'G7806', 'G6438', 'EG11965', 'EG10156', 'EG10747', 'RUVA', 'G7148', 'G6502', 'G6565', 'EG11695', 'G7933', 'G7613', 'EG10511', 'G6556', 'EG12403', 'G0-10441', 'EG10119', 'G7735', 'G6666', 'EG10130', 'EG10092', 'G7612', 'EG10464', 'EG10023']
101	tree	{'max_features': 'log2', 'criterion': 'entropy', 'min_samples_leaf': 1}	0.95		0.7525853775853775	0.8082732082732083	0.901839826839827	0.047328141635660084	0.14925444925444953	0	89	['EG11491', 'G7808', 'EG10445', 'EG10663', 'G6662', 'EG10105', 'EG11806', 'EG10450', 'EG11472', 'EG10103', 'G6880', 'EG10449', 'EG10944', 'G7016', 'G7685', 'EG11113', 'EG10660', 'EG11004', 'EG11253', 'EG12341', 'EG10596', 'EG12009', 'G6455', 'EG10872', 'EG11204', 'G6806', 'G7610', 'EG10661', 'G6475', 'G6416', 'EG11193', 'EG11352', 'EG11759', 'G7609', 'G6967', 'G7311', 'G6603', 'G7148', 'EG10036', 'G7806', 'EG10902', 'EG12318', 'EG10068', 'G6856', 'G6438', 'EG10119', 'EG12403', 'EG10156', 'G6502', 'EG10747', 'G6565', 'G6556', 'EG11965', 'EG10130', 'G7933', 'RUVA', 'EG11695', 'EG10464', 'G7024', 'G7613', 'G7612', 'G0-10462', 'G0-10441', 'EG10023', 'G6666', 'G7735', 'EG11231', 'EG11473', 'EG10511', 'G6225', 'EG11357', 'EG11913', 'EG11652', 'G6573', 'EG11456', 'EG10118', 'EG10628', 'EG11943', 'EG11083', 'EG11011', 'EG10043', 'EG10424', 'EG10092', 'EG11766', 'G6097', 'G6855', 'G7458', 'EG10265', 'G6622']
102	tree	{'criterion': 'gini', 'max_features': 'log2', 'min_samples_leaf': 1}	0.96	0.0	0.7525853775853775	0.8661375661375662	0.9108465608465609	0.038494937768561936	0.15826118326118344	0	69	['EG10445', 'G6662', 'G6603', 'EG10449', 'G7609', 'EG12341', 'G7808', 'EG10105', 'EG11491', 'EG11472', 'EG10661', 'EG10068', 'G6880', 'EG10830', 'EG10596', 'EG10043', 'EG11806', 'G7806', 'G7024', 'G6438', 'EG12403', 'G7016', 'EG10736', 'EG11759', 'EG11965', 'G6556', 'EG11253', 'G6666', 'G7685', 'EG11193', 'EG10660', 'G0-10441', 'G6117', 'EG10834', 'EG10464', 'EG12318', 'G6416', 'EG11677', 'G6455', 'EG11357', 'EG10118', 'EG10929', 'EG10156', 'G7311', 'EG12395', 'G6225', 'EG10450', 'EG11352', 'EG10511', 'EG10410', 'EG10121', 'EG11231', 'EG10628', 'G6856', 'G7649', 'EG10663', 'EG11473', 'EG11695', 'EG10424', 'G7610', 'EG10130', 'G7613', 'EG10340', 'EG10747', 'G6855', 'EG10092', 'EG11913', 'EG11024', 'EG10265']
103	tree	{'criterion': 'gini', 'max_features': 'log2', 'min_samples_leaf': 1}	0.96	0.9	0.7525853775853775	0.8661375661375662	0.9231481481481482	0.03600813111827155	0.1705627705627707	0	49	['EG10445', 'G6603', 'G7609', 'G6662', 'G7808', 'EG10449', 'EG12341', 'EG11491', 'EG10105', 'EG11472', 'EG10068', 'EG11806', 'EG10043', 'EG10596', 'G6438', 'EG10661', 'EG11759', 'EG10830', 'G6880', 'G7024', 'G6666', 'EG12403', 'G7806', 'EG10736', 'EG11965', 'EG11253', 'G7016', 'G7685', 'EG11193', 'G0-10441', 'G6117', 'EG10834', 'EG10464', 'EG11352', 'G6455', 'EG10511', 'EG10156', 'EG10660', 'G6556', 'EG10628', 'EG12395', 'EG12318', 'EG10092', 'G7613', 'G6225', 'EG11357', 'EG10118', 'EG10747', 'EG11677']
104	tree	{'criterion': 'gini', 'max_features': 'log2', 'min_samples_leaf': 1}	0.96		0.7525853775853775	0.8661375661375662	0.9093915343915344	0.04030946062580716	0.15680615680615695	0	100	['EG10445', 'G6662', 'G6603', 'G7609', 'EG10449', 'EG12341', 'G7808', 'EG10105', 'EG11491', 'EG11472', 'EG10661', 'EG10068', 'G6880', 'EG10830', 'EG10596', 'EG10043', 'EG11806', 'G7806', 'G7024', 'G6438', 'EG12403', 'G7016', 'EG10736', 'EG11759', 'EG11965', 'G6556', 'EG11253', 'G6666', 'G7685', 'EG11193', 'EG10660', 'G0-10441', 'G6117', 'EG10834', 'EG10464', 'EG12318', 'G6416', 'G6455', 'EG11677', 'EG11357', 'EG10118', 'EG10156', 'EG10929', 'EG12395', 'G7311', 'G6225', 'EG10450', 'EG11352', 'EG10511', 'EG10410', 'EG10121', 'EG10628', 'EG11231', 'G6856', 'G7649', 'EG10663', 'EG11695', 'EG11473', 'G7610', 'G7613', 'EG10424', 'EG10130', 'EG10340', 'EG10747', 'EG10092', 'G6855', 'EG11913', 'EG11024', 'EG10265', 'G6967', 'EG11017', 'EG10334', 'G6573', 'EG10103', 'G7017', 'EG12009', 'EG11204', 'G7933', 'G6622', 'G7612', 'EG11385', 'EG11462', 'EG11004', 'G6738', 'EG11113', 'EG11652', 'RUVA', 'EG11766', 'G6475', 'EG10944', 'G7735', 'G6453', 'EG10770', 'EG12193', 'EG10119', 'G0-10550', 'G6806', 'EG11083', 'EG10872', 'G379']
105	tree	{'max_features': 'sqrt', 'criterion': 'entropy', 'min_samples_leaf': 1}	0.97	0.0	0.7525853775853775	0.7665343915343914	0.9324074074074074	0.035297988153213944	0.17982202982202988	0	84	['G7808', 'EG10445', 'EG10661', 'EG12009', 'G6662', 'EG11806', 'EG12403', 'EG11253', 'EG10130', 'EG11193', 'EG10449', 'EG10596', 'G7016', 'G7609', 'EG10068', 'EG10663', 'EG12341', 'EG10424', 'EG10450', 'EG10105', 'EG10103', 'G6603', 'G6880', 'EG10464', 'EG10770', 'EG11491', 'G0-10441', 'G7311', 'EG11913', 'EG11759', 'EG10410', 'G6455', 'G7024', 'EG10156', 'EG11357', 'EG11472', 'EG11473', 'EG10092', 'EG11462', 'G6573', 'EG10747', 'EG11766', 'G7806', 'G7685', 'G6556', 'EG11352', 'G7649', 'G6738', 'EG10628', 'G6666', 'EG11004', 'EG11113', 'EG12395', 'EG10121', 'G7612', 'EG10265', 'RUVA', 'G6225', 'G6438', 'EG11695', 'G6622', 'EG10340', 'EG12318', 'EG10660', 'G7933', 'EG10043', 'EG10118', 'EG10834', 'EG10736', 'G6416', 'EG10511', 'G7610', 'EG10830', 'G7613', 'EG11965', 'G7017', 'G6475', 'G6967', 'EG11017', 'EG11652', 'EG10334', 'EG10929', 'G6117', 'EG12193']
106	tree	{'max_features': 'sqrt', 'criterion': 'entropy', 'min_samples_leaf': 1}	0.97	0.9	0.7525853775853775	0.7665343915343914	0.8999999999999999	0.04028809667600334	0.14741462241462244	0	53	['G7808', 'EG10445', 'EG10661', 'EG12009', 'EG11806', 'EG11253', 'EG12403', 'EG11193', 'G6662', 'EG10130', 'EG10596', 'EG10068', 'EG12341', 'G7609', 'EG10663', 'G7016', 'EG10449', 'EG10424', 'EG10450', 'EG10770', 'G6603', 'EG10103', 'EG10105', 'G0-10441', 'G6880', 'EG11491', 'EG10464', 'EG11913', 'EG11759', 'EG10092', 'G6455', 'EG10156', 'EG10410', 'G7311', 'EG11472', 'EG11462', 'G7024', 'G6666', 'EG11357', 'EG11766', 'EG11352', 'EG11473', 'EG10747', 'EG10628', 'G6573', 'G6556', 'G6738', 'G7685', 'G7649', 'RUVA', 'G6438', 'G7612', 'EG12395']
107	tree	{'max_features': 'sqrt', 'criterion': 'entropy', 'min_samples_leaf': 1}	0.97		0.7525853775853775	0.7665343915343914	0.961904761904762	0.018223495857915856	0.20931938431938457	0	37	['G7808', 'EG10445', 'EG10661', 'EG12009', 'EG11806', 'G6662', 'EG12403', 'EG11253', 'EG11193', 'EG10130', 'EG10449', 'EG10596', 'G7016', 'G7609', 'EG10068', 'EG10663', 'EG12341', 'EG10424', 'EG10450', 'EG10105', 'EG10103', 'G6603', 'G6880', 'EG10464', 'EG10770', 'EG11491', 'G0-10441', 'G7311', 'EG11913', 'EG11759', 'EG10410', 'G6455', 'G7024', 'EG10156', 'EG11357', 'EG11472', 'EG11473']
108	tree	{'max_features': 0.382, 'criterion': 'entropy', 'min_samples_leaf': 1}	0.98	0.0	0.7525853775853775	0.8582010582010582	0.9252645502645502	0.030489329378284448	0.17267917267917277	0	12	['G7808', 'G6603', 'EG11491', 'EG10445', 'EG12341', 'G7311', 'G7609', 'EG12403', 'EG10661', 'EG10449', 'G6662', 'EG12009']
109	tree	{'max_features': 0.382, 'criterion': 'entropy', 'min_samples_leaf': 1}	0.98	0.9	0.7525853775853775	0.8582010582010582	0.9121693121693121	0.04672277003579451	0.1595839345839346	0	17	['G7808', 'G6603', 'EG11491', 'EG10445', 'G7609', 'EG12341', 'EG12403', 'G7311', 'G6438', 'EG11193', 'EG12009', 'EG10661', 'EG11806', 'EG10596', 'EG10449', 'EG11253', 'EG10092']
110	tree	{'max_features': 0.382, 'criterion': 'entropy', 'min_samples_leaf': 1}	0.98		0.7525853775853775	0.8582010582010582	0.9252645502645502	0.030489329378284448	0.17267917267917277	0	12	['G7808', 'G6603', 'EG11491', 'EG10445', 'EG12341', 'G7311', 'G7609', 'EG12403', 'EG10661', 'EG10449', 'G6662', 'EG12009']
111	tree	{'max_features': 'log2', 'criterion': 'entropy', 'min_samples_leaf': 1}	0.99	0.0	0.7525853775853775	0.832924482924483	0.8958855472013367	0.04575301337622823	0.14330016961595926	0	15	['G7808', 'EG10445', 'EG10661', 'EG10449', 'EG12341', 'G7016', 'G6662', 'G7609', 'EG11806', 'EG10596', 'EG12403', 'EG10103', 'EG12009', 'EG11759', 'EG10092']
112	tree	{'max_features': 'log2', 'criterion': 'entropy', 'min_samples_leaf': 1}	0.99	0.9	0.7525853775853775	0.832924482924483	0.9105402394876081	0.03449696938458126	0.15795486190223063	0	25	['G7808', 'EG10445', 'EG10661', 'EG10449', 'EG12341', 'G6662', 'EG11806', 'G7016', 'EG10596', 'G7609', 'EG10092', 'EG11759', 'EG12403', 'EG12009', 'EG10103', 'EG11193', 'EG11253', 'G6225', 'G7311', 'G6880', 'EG10068', 'G7024', 'G7685', 'EG10628', 'G6603']
113	tree	{'max_features': 'log2', 'criterion': 'entropy', 'min_samples_leaf': 1}	0.99		0.7525853775853775	0.832924482924483	0.9062169312169313	0.037741578750648604	0.15363155363155379	0	14	['G7808', 'EG10445', 'EG10661', 'EG10449', 'EG12341', 'G7016', 'G6662', 'G7609', 'EG11806', 'EG10596', 'EG12403', 'EG12009', 'EG10103', 'EG11759']
